,industry,mean,std
0,Construction,1.0,
1,Consumer,0.0,0.0
2,Data,0.09000000000000001,0.15588457268119896
3,Education,0.35,0.4358898943540674
4,Finance,0.6666666666666666,0.5773502691896258
5,Fitness,0.0,
6,Food,0.05833333333333333,0.0917423929634859
7,HR,0.0,
8,Infrastructure,0.035,0.04949747468305833
9,Marketing,1.0,
10,Media,0.4,0.5477225575051661
11,Other,0.049999999999999996,0.08660254037844387
12,Product,0.0,
13,Real Estate,0.16999999999999998,0.11313708498984762
14,Recruiting,1.0,
15,Retail,0.25,0.5
16,Security,0.0,
17,Transportation,0.4,
